<?xml version="1.0" encoding="UTF-8"?>

<BugCollection version="3.0.1" sequence="0" timestamp="1430839417000" analysisTimestamp="1430839453820" release="">
  <Project projectName="CS 5430 Jammed Final">
    <Jar>/Users/Dan/Documents/Java/git/CS5430/Jammed/bin/jammed</Jar>
    <Cloud id="edu.umd.cs.findbugs.cloud.appengine.findbugs-cloud" online="true" detailsUrl="http://findbugs-cloud.appspot.com/issues/%s?embed"></Cloud>
  </Project>
  <BugInstance type="BC_UNCONFIRMED_CAST_OF_RETURN_VALUE" priority="3" rank="20" abbrev="BC" category="STYLE" firstSeen="5/5/15 11:23 AM" reviews="1" consensus="BAD_ANALYSIS">
    <UserAnnotation designation="BAD_ANALYSIS" timestamp="1430839859271"><![CDATA[FindBugs cannot ensure cast is safe, I can.]]></UserAnnotation>
    <Class classname="jammed.ClientCommunication">
      <SourceLine classname="jammed.ClientCommunication" sourcefile="ClientCommunication.java" sourcepath="jammed/ClientCommunication.java"/>
    </Class>
    <Method classname="jammed.ClientCommunication" name="connect" signature="()V" isStatic="false">
      <SourceLine classname="jammed.ClientCommunication" start="68" end="97" startBytecode="0" endBytecode="101" sourcefile="ClientCommunication.java" sourcepath="jammed/ClientCommunication.java"/>
    </Method>
    <Type descriptor="Ljava/net/Socket;" role="TYPE_FOUND">
      <SourceLine classname="java.net.Socket" start="59" end="1674" sourcefile="Socket.java" sourcepath="java/net/Socket.java"/>
    </Type>
    <Type descriptor="Ljavax/net/ssl/SSLSocket;" role="TYPE_EXPECTED">
      <SourceLine classname="javax.net.ssl.SSLSocket" start="148" end="662" sourcefile="SSLSocket.java" sourcepath="javax/net/ssl/SSLSocket.java"/>
    </Type>
    <SourceLine classname="jammed.ClientCommunication" start="78" end="78" startBytecode="81" endBytecode="81" sourcefile="ClientCommunication.java" sourcepath="jammed/ClientCommunication.java"/>
  </BugInstance>
  <BugInstance type="DM_DEFAULT_ENCODING" priority="1" rank="19" abbrev="Dm" category="I18N" firstSeen="5/5/15 11:23 AM" reviews="1" consensus="MOSTLY_HARMLESS">
    <UserAnnotation designation="MOSTLY_HARMLESS" timestamp="1430839778409"/>
    <Class classname="jammed.ClientCommunication">
      <SourceLine classname="jammed.ClientCommunication" sourcefile="ClientCommunication.java" sourcepath="jammed/ClientCommunication.java"/>
    </Class>
    <Method classname="jammed.ClientCommunication" name="&lt;init&gt;" signature="()V" isStatic="false">
      <SourceLine classname="jammed.ClientCommunication" start="33" end="65" startBytecode="0" endBytecode="440" sourcefile="ClientCommunication.java" sourcepath="jammed/ClientCommunication.java"/>
    </Method>
    <Method classname="java.io.FileReader" name="&lt;init&gt;" signature="(Ljava/lang/String;)V" isStatic="false" role="METHOD_CALLED">
      <SourceLine classname="java.io.FileReader" start="58" end="59" startBytecode="0" endBytecode="40" sourcefile="FileReader.java" sourcepath="java/io/FileReader.java"/>
    </Method>
    <SourceLine classname="jammed.ClientCommunication" start="43" end="43" startBytecode="60" endBytecode="60" sourcefile="ClientCommunication.java" sourcepath="jammed/ClientCommunication.java"/>
  </BugInstance>
  <BugInstance type="REC_CATCH_EXCEPTION" priority="3" rank="20" abbrev="REC" category="STYLE" firstSeen="5/5/15 11:23 AM" reviews="1" consensus="BAD_ANALYSIS">
    <UserAnnotation designation="BAD_ANALYSIS" timestamp="1430839894677"/>
    <Class classname="jammed.ClientCommunication">
      <SourceLine classname="jammed.ClientCommunication" sourcefile="ClientCommunication.java" sourcepath="jammed/ClientCommunication.java"/>
    </Class>
    <Method classname="jammed.ClientCommunication" name="&lt;init&gt;" signature="()V" isStatic="false">
      <SourceLine classname="jammed.ClientCommunication" start="33" end="65" startBytecode="0" endBytecode="440" sourcefile="ClientCommunication.java" sourcepath="jammed/ClientCommunication.java"/>
    </Method>
    <SourceLine classname="jammed.ClientCommunication" start="50" end="50" startBytecode="121" endBytecode="121" sourcefile="ClientCommunication.java" sourcepath="jammed/ClientCommunication.java"/>
  </BugInstance>
  <BugInstance type="REC_CATCH_EXCEPTION" priority="3" rank="20" abbrev="REC" category="STYLE" firstSeen="5/5/15 11:23 AM" reviews="1" consensus="BAD_ANALYSIS">
    <UserAnnotation designation="BAD_ANALYSIS" timestamp="1430839913610"/>
    <Class classname="jammed.Communication">
      <SourceLine classname="jammed.Communication" sourcefile="Communication.java" sourcepath="jammed/Communication.java"/>
    </Class>
    <Method classname="jammed.Communication" name="close" signature="()V" isStatic="false">
      <SourceLine classname="jammed.Communication" start="83" end="97" startBytecode="0" endBytecode="248" sourcefile="Communication.java" sourcepath="jammed/Communication.java"/>
    </Method>
    <SourceLine classname="jammed.Communication" start="92" end="92" startBytecode="112" endBytecode="112" sourcefile="Communication.java" sourcepath="jammed/Communication.java"/>
  </BugInstance>
  <BugInstance type="OS_OPEN_STREAM_EXCEPTION_PATH" priority="3" rank="19" abbrev="OS" category="BAD_PRACTICE" firstSeen="4/16/15 12:40 AM" reviews="1" consensus="BAD_ANALYSIS">
    <UserAnnotation designation="BAD_ANALYSIS" user="dje67@cornell.edu" timestamp="1430839704670"><![CDATA[Incorrect analysis
]]></UserAnnotation>
    <Class classname="jammed.DB">
      <SourceLine classname="jammed.DB" sourcefile="DB.java" sourcepath="jammed/DB.java"/>
    </Class>
    <Method classname="jammed.DB" name="writeServerLog" signature="(Ljava/lang/String;)Z" isStatic="true">
      <SourceLine classname="jammed.DB" start="203" end="237" startBytecode="0" endBytecode="113" sourcefile="DB.java" sourcepath="jammed/DB.java"/>
    </Method>
    <Type descriptor="Ljava/io/Writer;" role="TYPE_CLOSEIT">
      <SourceLine classname="java.io.Writer" start="50" end="294" sourcefile="Writer.java" sourcepath="java/io/Writer.java"/>
    </Type>
    <SourceLine classname="jammed.DB" start="218" end="218" startBytecode="62" endBytecode="62" sourcefile="DB.java" sourcepath="jammed/DB.java"/>
  </BugInstance>
  <BugInstance type="OS_OPEN_STREAM_EXCEPTION_PATH" priority="3" rank="19" abbrev="OS" category="BAD_PRACTICE" firstSeen="4/16/15 12:40 AM" reviews="1" consensus="BAD_ANALYSIS">
    <UserAnnotation designation="BAD_ANALYSIS" user="dje67@cornell.edu" timestamp="1430839708016"><![CDATA[Incorrect analysis]]></UserAnnotation>
    <Class classname="jammed.DB">
      <SourceLine classname="jammed.DB" sourcefile="DB.java" sourcepath="jammed/DB.java"/>
    </Class>
    <Method classname="jammed.DB" name="writeUserLog" signature="(Ljava/lang/String;Ljava/lang/String;)Z" isStatic="true">
      <SourceLine classname="jammed.DB" start="414" end="445" startBytecode="0" endBytecode="114" sourcefile="DB.java" sourcepath="jammed/DB.java"/>
    </Method>
    <Type descriptor="Ljava/io/Writer;" role="TYPE_CLOSEIT">
      <SourceLine classname="java.io.Writer" start="50" end="294" sourcefile="Writer.java" sourcepath="java/io/Writer.java"/>
    </Type>
    <SourceLine classname="jammed.DB" start="424" end="424" startBytecode="69" endBytecode="69" sourcefile="DB.java" sourcepath="jammed/DB.java"/>
  </BugInstance>
  <BugInstance type="PZLA_PREFER_ZERO_LENGTH_ARRAYS" priority="3" rank="20" abbrev="PZLA" category="STYLE" firstSeen="4/16/15 12:40 AM" reviews="1" consensus="NOT_A_BUG">
    <UserAnnotation designation="NOT_A_BUG" user="dje67@cornell.edu" timestamp="1429161395538"><![CDATA[null is returned by design]]></UserAnnotation>
    <Class classname="jammed.DB">
      <SourceLine classname="jammed.DB" sourcefile="DB.java" sourcepath="jammed/DB.java"/>
    </Class>
    <Method classname="jammed.DB" name="hashPwd" signature="(Ljava/lang/String;[B)[B" isStatic="true">
      <SourceLine classname="jammed.DB" start="578" end="592" startBytecode="0" endBytecode="224" sourcefile="DB.java" sourcepath="jammed/DB.java"/>
    </Method>
    <SourceLine classname="jammed.DB" start="579" end="579" startBytecode="12" endBytecode="12" sourcefile="DB.java" sourcepath="jammed/DB.java"/>
  </BugInstance>
  <BugInstance type="PZLA_PREFER_ZERO_LENGTH_ARRAYS" priority="3" rank="20" abbrev="PZLA" category="STYLE" firstSeen="4/16/15 12:40 AM" reviews="1" consensus="NOT_A_BUG">
    <UserAnnotation designation="NOT_A_BUG" user="dje67@cornell.edu" timestamp="1429161395538"><![CDATA[null is returned by design]]></UserAnnotation>
    <Class classname="jammed.DB">
      <SourceLine classname="jammed.DB" sourcefile="DB.java" sourcepath="jammed/DB.java"/>
    </Class>
    <Method classname="jammed.DB" name="readUserData" signature="(Ljava/lang/String;)[B" isStatic="true">
      <SourceLine classname="jammed.DB" start="313" end="336" startBytecode="0" endBytecode="241" sourcefile="DB.java" sourcepath="jammed/DB.java"/>
    </Method>
    <SourceLine classname="jammed.DB" start="314" end="314" startBytecode="8" endBytecode="8" sourcefile="DB.java" sourcepath="jammed/DB.java"/>
    <SourceLine classname="jammed.DB" start="325" end="325" startBytecode="71" endBytecode="71" sourcefile="DB.java" sourcepath="jammed/DB.java"/>
    <SourceLine classname="jammed.DB" start="331" end="331" startBytecode="113" endBytecode="113" sourcefile="DB.java" sourcepath="jammed/DB.java"/>
    <SourceLine classname="jammed.DB" start="336" end="336" startBytecode="117" endBytecode="117" sourcefile="DB.java" sourcepath="jammed/DB.java"/>
  </BugInstance>
  <BugInstance type="PZLA_PREFER_ZERO_LENGTH_ARRAYS" priority="3" rank="20" abbrev="PZLA" category="STYLE" firstSeen="4/16/15 12:40 AM" reviews="1" consensus="NOT_A_BUG">
    <UserAnnotation designation="NOT_A_BUG" user="dje67@cornell.edu" timestamp="1429161395538"><![CDATA[null is returned by design]]></UserAnnotation>
    <Class classname="jammed.DB">
      <SourceLine classname="jammed.DB" sourcefile="DB.java" sourcepath="jammed/DB.java"/>
    </Class>
    <Method classname="jammed.DB" name="readUserIV" signature="(Ljava/lang/String;)[B" isStatic="true">
      <SourceLine classname="jammed.DB" start="378" end="400" startBytecode="0" endBytecode="241" sourcefile="DB.java" sourcepath="jammed/DB.java"/>
    </Method>
    <SourceLine classname="jammed.DB" start="379" end="379" startBytecode="8" endBytecode="8" sourcefile="DB.java" sourcepath="jammed/DB.java"/>
    <SourceLine classname="jammed.DB" start="389" end="389" startBytecode="71" endBytecode="71" sourcefile="DB.java" sourcepath="jammed/DB.java"/>
    <SourceLine classname="jammed.DB" start="395" end="395" startBytecode="113" endBytecode="113" sourcefile="DB.java" sourcepath="jammed/DB.java"/>
    <SourceLine classname="jammed.DB" start="400" end="400" startBytecode="117" endBytecode="117" sourcefile="DB.java" sourcepath="jammed/DB.java"/>
  </BugInstance>
  <BugInstance type="PZLA_PREFER_ZERO_LENGTH_ARRAYS" priority="3" rank="20" abbrev="PZLA" category="STYLE" firstSeen="4/16/15 12:40 AM" reviews="1" consensus="NOT_A_BUG">
    <UserAnnotation designation="NOT_A_BUG" user="dje67@cornell.edu" timestamp="1429161395538"><![CDATA[null is returned by design]]></UserAnnotation>
    <Class classname="jammed.DB">
      <SourceLine classname="jammed.DB" sourcefile="DB.java" sourcepath="jammed/DB.java"/>
    </Class>
    <Method classname="jammed.DB" name="readUserPWD" signature="(Ljava/lang/String;)[B" isStatic="true">
      <SourceLine classname="jammed.DB" start="346" end="368" startBytecode="0" endBytecode="241" sourcefile="DB.java" sourcepath="jammed/DB.java"/>
    </Method>
    <SourceLine classname="jammed.DB" start="347" end="347" startBytecode="8" endBytecode="8" sourcefile="DB.java" sourcepath="jammed/DB.java"/>
    <SourceLine classname="jammed.DB" start="357" end="357" startBytecode="71" endBytecode="71" sourcefile="DB.java" sourcepath="jammed/DB.java"/>
    <SourceLine classname="jammed.DB" start="363" end="363" startBytecode="113" endBytecode="113" sourcefile="DB.java" sourcepath="jammed/DB.java"/>
    <SourceLine classname="jammed.DB" start="368" end="368" startBytecode="117" endBytecode="117" sourcefile="DB.java" sourcepath="jammed/DB.java"/>
  </BugInstance>
  <BugInstance type="REC_CATCH_EXCEPTION" priority="2" rank="17" abbrev="REC" category="STYLE" firstSeen="3/20/15 2:08 PM" reviews="1" consensus="BAD_ANALYSIS">
    <UserAnnotation designation="BAD_ANALYSIS" user="dje67@cornell.edu" timestamp="1426874972803"><![CDATA[If catch is removed, possible uncaught IOException]]></UserAnnotation>
    <Class classname="jammed.DB">
      <SourceLine classname="jammed.DB" sourcefile="DB.java" sourcepath="jammed/DB.java"/>
    </Class>
    <Method classname="jammed.DB" name="initialize" signature="()Z" isStatic="true">
      <SourceLine classname="jammed.DB" start="51" end="102" startBytecode="0" endBytecode="628" sourcefile="DB.java" sourcepath="jammed/DB.java"/>
    </Method>
    <SourceLine classname="jammed.DB" start="90" end="90" startBytecode="208" endBytecode="208" sourcefile="DB.java" sourcepath="jammed/DB.java"/>
  </BugInstance>
  <BugInstance type="REC_CATCH_EXCEPTION" priority="2" rank="17" abbrev="REC" category="STYLE" firstSeen="4/16/15 12:40 AM" reviews="1" consensus="BAD_ANALYSIS">
    <UserAnnotation designation="BAD_ANALYSIS" user="dje67@cornell.edu" timestamp="1429161247595"><![CDATA[If catch is removed, possible uncaught IOException]]></UserAnnotation>
    <Class classname="jammed.DB">
      <SourceLine classname="jammed.DB" sourcefile="DB.java" sourcepath="jammed/DB.java"/>
    </Class>
    <Method classname="jammed.DB" name="writeServerLog" signature="(Ljava/lang/String;)Z" isStatic="true">
      <SourceLine classname="jammed.DB" start="203" end="237" startBytecode="0" endBytecode="594" sourcefile="DB.java" sourcepath="jammed/DB.java"/>
    </Method>
    <SourceLine classname="jammed.DB" start="225" end="225" startBytecode="166" endBytecode="166" sourcefile="DB.java" sourcepath="jammed/DB.java"/>
  </BugInstance>
  <BugInstance type="REC_CATCH_EXCEPTION" priority="2" rank="17" abbrev="REC" category="STYLE" firstSeen="4/16/15 12:40 AM" reviews="1" consensus="BAD_ANALYSIS">
    <UserAnnotation designation="BAD_ANALYSIS" user="dje67@cornell.edu" timestamp="1429161254667"><![CDATA[If catch is removed, possible uncaught IOException]]></UserAnnotation>
    <Class classname="jammed.DB">
      <SourceLine classname="jammed.DB" sourcefile="DB.java" sourcepath="jammed/DB.java"/>
    </Class>
    <Method classname="jammed.DB" name="writeUserLog" signature="(Ljava/lang/String;Ljava/lang/String;)Z" isStatic="true">
      <SourceLine classname="jammed.DB" start="414" end="445" startBytecode="0" endBytecode="614" sourcefile="DB.java" sourcepath="jammed/DB.java"/>
    </Method>
    <SourceLine classname="jammed.DB" start="432" end="432" startBytecode="178" endBytecode="178" sourcefile="DB.java" sourcepath="jammed/DB.java"/>
  </BugInstance>
  <BugInstance type="REC_CATCH_EXCEPTION" priority="3" rank="20" abbrev="REC" category="STYLE" firstSeen="4/16/15 12:40 AM" reviews="1" consensus="BAD_ANALYSIS">
    <UserAnnotation designation="BAD_ANALYSIS" user="dje67@cornell.edu" timestamp="1429161475612"><![CDATA[If catch is removed, possible uncaught IOException]]></UserAnnotation>
    <Class classname="jammed.DB">
      <SourceLine classname="jammed.DB" sourcefile="DB.java" sourcepath="jammed/DB.java"/>
    </Class>
    <Method classname="jammed.DB" name="deleteUser" signature="(Ljava/lang/String;)Z" isStatic="true">
      <SourceLine classname="jammed.DB" start="165" end="190" startBytecode="0" endBytecode="390" sourcefile="DB.java" sourcepath="jammed/DB.java"/>
    </Method>
    <SourceLine classname="jammed.DB" start="185" end="185" startBytecode="209" endBytecode="209" sourcefile="DB.java" sourcepath="jammed/DB.java"/>
  </BugInstance>
  <BugInstance type="REC_CATCH_EXCEPTION" priority="3" rank="20" abbrev="REC" category="STYLE" firstSeen="4/16/15 12:40 AM" reviews="1" consensus="BAD_ANALYSIS">
    <UserAnnotation designation="BAD_ANALYSIS" user="dje67@cornell.edu" timestamp="1429161475612"><![CDATA[If catch is removed, possible uncaught IOException]]></UserAnnotation>
    <Class classname="jammed.DB">
      <SourceLine classname="jammed.DB" sourcefile="DB.java" sourcepath="jammed/DB.java"/>
    </Class>
    <Method classname="jammed.DB" name="newUser" signature="(Ljava/lang/String;Ljava/lang/String;)Z" isStatic="true">
      <SourceLine classname="jammed.DB" start="117" end="144" startBytecode="0" endBytecode="291" sourcefile="DB.java" sourcepath="jammed/DB.java"/>
    </Method>
    <SourceLine classname="jammed.DB" start="138" end="138" startBytecode="135" endBytecode="135" sourcefile="DB.java" sourcepath="jammed/DB.java"/>
  </BugInstance>
  <BugInstance type="REC_CATCH_EXCEPTION" priority="3" rank="20" abbrev="REC" category="STYLE" firstSeen="4/16/15 12:40 AM" reviews="1" consensus="BAD_ANALYSIS">
    <UserAnnotation designation="BAD_ANALYSIS" user="dje67@cornell.edu" timestamp="1429161475612"><![CDATA[If catch is removed, possible uncaught IOException]]></UserAnnotation>
    <Class classname="jammed.DB">
      <SourceLine classname="jammed.DB" sourcefile="DB.java" sourcepath="jammed/DB.java"/>
    </Class>
    <Method classname="jammed.DB" name="writeUserData" signature="(Ljava/lang/String;[B)Z" isStatic="true">
      <SourceLine classname="jammed.DB" start="455" end="480" startBytecode="0" endBytecode="460" sourcefile="DB.java" sourcepath="jammed/DB.java"/>
    </Method>
    <SourceLine classname="jammed.DB" start="465" end="465" startBytecode="78" endBytecode="78" sourcefile="DB.java" sourcepath="jammed/DB.java"/>
  </BugInstance>
  <BugInstance type="REC_CATCH_EXCEPTION" priority="3" rank="20" abbrev="REC" category="STYLE" firstSeen="4/16/15 12:40 AM" reviews="1" consensus="BAD_ANALYSIS">
    <UserAnnotation designation="BAD_ANALYSIS" user="dje67@cornell.edu" timestamp="1429161475612"><![CDATA[If catch is removed, possible uncaught IOException]]></UserAnnotation>
    <Class classname="jammed.DB">
      <SourceLine classname="jammed.DB" sourcefile="DB.java" sourcepath="jammed/DB.java"/>
    </Class>
    <Method classname="jammed.DB" name="writeUserIV" signature="(Ljava/lang/String;[B)Z" isStatic="true">
      <SourceLine classname="jammed.DB" start="527" end="553" startBytecode="0" endBytecode="460" sourcefile="DB.java" sourcepath="jammed/DB.java"/>
    </Method>
    <SourceLine classname="jammed.DB" start="538" end="538" startBytecode="78" endBytecode="78" sourcefile="DB.java" sourcepath="jammed/DB.java"/>
  </BugInstance>
  <BugInstance type="REC_CATCH_EXCEPTION" priority="3" rank="20" abbrev="REC" category="STYLE" firstSeen="4/16/15 12:40 AM" reviews="1" consensus="BAD_ANALYSIS">
    <UserAnnotation designation="BAD_ANALYSIS" user="dje67@cornell.edu" timestamp="1429161475612"><![CDATA[If catch is removed, possible uncaught IOException]]></UserAnnotation>
    <Class classname="jammed.DB">
      <SourceLine classname="jammed.DB" sourcefile="DB.java" sourcepath="jammed/DB.java"/>
    </Class>
    <Method classname="jammed.DB" name="writeUserPWD" signature="(Ljava/lang/String;[B)Z" isStatic="true">
      <SourceLine classname="jammed.DB" start="490" end="517" startBytecode="0" endBytecode="460" sourcefile="DB.java" sourcepath="jammed/DB.java"/>
    </Method>
    <SourceLine classname="jammed.DB" start="502" end="502" startBytecode="78" endBytecode="78" sourcefile="DB.java" sourcepath="jammed/DB.java"/>
  </BugInstance>
  <BugInstance type="DM_DEFAULT_ENCODING" priority="1" rank="19" abbrev="Dm" category="I18N" firstSeen="5/5/15 11:23 AM" reviews="1" consensus="MOSTLY_HARMLESS">
    <UserAnnotation designation="MOSTLY_HARMLESS" timestamp="1430839778409"/>
    <Class classname="jammed.GuiJammed">
      <SourceLine classname="jammed.GuiJammed" sourcefile="GuiJammed.java" sourcepath="jammed/GuiJammed.java"/>
    </Class>
    <Method classname="jammed.GuiJammed" name="main" signature="([Ljava/lang/String;)V" isStatic="true">
      <SourceLine classname="jammed.GuiJammed" start="28" end="247" startBytecode="0" endBytecode="2628" sourcefile="GuiJammed.java" sourcepath="jammed/GuiJammed.java"/>
    </Method>
    <Method classname="java.lang.String" name="getBytes" signature="()[B" isStatic="false" role="METHOD_CALLED">
      <SourceLine classname="java.lang.String" start="956" end="956" startBytecode="0" endBytecode="37" sourcefile="String.java" sourcepath="java/lang/String.java"/>
    </Method>
    <SourceLine classname="jammed.GuiJammed" start="35" end="35" startBytecode="48" endBytecode="48" sourcefile="GuiJammed.java" sourcepath="jammed/GuiJammed.java"/>
  </BugInstance>
  <BugInstance type="OS_OPEN_STREAM_EXCEPTION_PATH" priority="3" rank="19" abbrev="OS" category="BAD_PRACTICE" firstSeen="5/5/15 11:23 AM" reviews="1" consensus="MOSTLY_HARMLESS">
    <UserAnnotation designation="MOSTLY_HARMLESS" timestamp="1430839712049"/>
    <Class classname="jammed.GuiJammed">
      <SourceLine classname="jammed.GuiJammed" sourcefile="GuiJammed.java" sourcepath="jammed/GuiJammed.java"/>
    </Class>
    <Method classname="jammed.GuiJammed" name="main" signature="([Ljava/lang/String;)V" isStatic="true">
      <SourceLine classname="jammed.GuiJammed" start="28" end="247" startBytecode="0" endBytecode="485" sourcefile="GuiJammed.java" sourcepath="jammed/GuiJammed.java"/>
    </Method>
    <Type descriptor="Ljava/io/OutputStream;" role="TYPE_CLOSEIT">
      <SourceLine classname="java.io.OutputStream" start="46" end="152" sourcefile="OutputStream.java" sourcepath="java/io/OutputStream.java"/>
    </Type>
    <SourceLine classname="jammed.GuiJammed" start="34" end="34" startBytecode="35" endBytecode="35" sourcefile="GuiJammed.java" sourcepath="jammed/GuiJammed.java"/>
  </BugInstance>
  <BugInstance type="REC_CATCH_EXCEPTION" priority="3" rank="20" abbrev="REC" category="STYLE" firstSeen="5/5/15 11:23 AM" reviews="1" consensus="BAD_ANALYSIS">
    <UserAnnotation designation="BAD_ANALYSIS" timestamp="1430839922097"/>
    <Class classname="jammed.GuiJammed">
      <SourceLine classname="jammed.GuiJammed" sourcefile="GuiJammed.java" sourcepath="jammed/GuiJammed.java"/>
    </Class>
    <Method classname="jammed.GuiJammed" name="main" signature="([Ljava/lang/String;)V" isStatic="true">
      <SourceLine classname="jammed.GuiJammed" start="28" end="247" startBytecode="0" endBytecode="2628" sourcefile="GuiJammed.java" sourcepath="jammed/GuiJammed.java"/>
    </Method>
    <SourceLine classname="jammed.GuiJammed" start="79" end="79" startBytecode="227" endBytecode="227" sourcefile="GuiJammed.java" sourcepath="jammed/GuiJammed.java"/>
    <SourceLine classname="jammed.GuiJammed" start="241" end="241" startBytecode="1192" endBytecode="1192" sourcefile="GuiJammed.java" sourcepath="jammed/GuiJammed.java" role="SOURCE_LINE_ANOTHER_INSTANCE"/>
  </BugInstance>
  <BugInstance type="RV_RETURN_VALUE_IGNORED_BAD_PRACTICE" priority="2" rank="16" abbrev="RV" category="BAD_PRACTICE" firstSeen="5/5/15 11:23 AM" reviews="1" consensus="MOSTLY_HARMLESS">
    <UserAnnotation designation="MOSTLY_HARMLESS" timestamp="1430839538133"/>
    <Class classname="jammed.GuiJammed">
      <SourceLine classname="jammed.GuiJammed" sourcefile="GuiJammed.java" sourcepath="jammed/GuiJammed.java"/>
    </Class>
    <Method classname="jammed.GuiJammed" name="main" signature="([Ljava/lang/String;)V" isStatic="true">
      <SourceLine classname="jammed.GuiJammed" start="28" end="247" startBytecode="0" endBytecode="2628" sourcefile="GuiJammed.java" sourcepath="jammed/GuiJammed.java"/>
    </Method>
    <Method classname="java.io.File" name="createNewFile" signature="()Z" isStatic="false" role="METHOD_CALLED">
      <SourceLine classname="java.io.File" start="1001" end="1006" startBytecode="0" endBytecode="98" sourcefile="File.java" sourcepath="java/io/File.java"/>
    </Method>
    <SourceLine classname="jammed.GuiJammed" start="33" end="33" startBytecode="31" endBytecode="31" sourcefile="GuiJammed.java" sourcepath="jammed/GuiJammed.java"/>
  </BugInstance>
  <BugInstance type="URF_UNREAD_FIELD" priority="3" rank="20" abbrev="UrF" category="PERFORMANCE" firstSeen="5/5/15 11:23 AM" reviews="1" consensus="OBSOLETE_CODE">
    <UserAnnotation designation="OBSOLETE_CODE" timestamp="1430839823566"/>
    <Class classname="jammed.GuiJammed">
      <SourceLine classname="jammed.GuiJammed" sourcefile="GuiJammed.java" sourcepath="jammed/GuiJammed.java"/>
    </Class>
    <Field classname="jammed.GuiJammed" name="catchallLocation" signature="Ljava/lang/String;" isStatic="true">
      <SourceLine classname="jammed.GuiJammed" sourcefile="GuiJammed.java" sourcepath="jammed/GuiJammed.java"/>
    </Field>
    <SourceLine classname="jammed.GuiJammed" start="39" end="39" startBytecode="64" endBytecode="64" sourcefile="GuiJammed.java" sourcepath="jammed/GuiJammed.java"/>
  </BugInstance>
  <BugInstance type="DM_DEFAULT_ENCODING" priority="1" rank="19" abbrev="Dm" category="I18N" firstSeen="5/5/15 11:23 AM" reviews="1" consensus="MOSTLY_HARMLESS">
    <UserAnnotation designation="MOSTLY_HARMLESS" timestamp="1430839778410"/>
    <Class classname="jammed.Jelly">
      <SourceLine classname="jammed.Jelly" sourcefile="Jelly.java" sourcepath="jammed/Jelly.java"/>
    </Class>
    <Method classname="jammed.Jelly" name="main" signature="([Ljava/lang/String;)V" isStatic="true">
      <SourceLine classname="jammed.Jelly" start="27" end="93" startBytecode="0" endBytecode="717" sourcefile="Jelly.java" sourcepath="jammed/Jelly.java"/>
    </Method>
    <Method classname="java.io.FileReader" name="&lt;init&gt;" signature="(Ljava/lang/String;)V" isStatic="false" role="METHOD_CALLED">
      <SourceLine classname="java.io.FileReader" start="58" end="59" startBytecode="0" endBytecode="40" sourcefile="FileReader.java" sourcepath="java/io/FileReader.java"/>
    </Method>
    <SourceLine classname="jammed.Jelly" start="45" end="45" startBytecode="43" endBytecode="43" sourcefile="Jelly.java" sourcepath="jammed/Jelly.java"/>
  </BugInstance>
  <BugInstance type="REC_CATCH_EXCEPTION" priority="3" rank="20" abbrev="REC" category="STYLE" firstSeen="5/5/15 11:23 AM" reviews="1" consensus="BAD_ANALYSIS">
    <UserAnnotation designation="BAD_ANALYSIS" timestamp="1430839926882"/>
    <Class classname="jammed.Jelly">
      <SourceLine classname="jammed.Jelly" sourcefile="Jelly.java" sourcepath="jammed/Jelly.java"/>
    </Class>
    <Method classname="jammed.Jelly" name="main" signature="([Ljava/lang/String;)V" isStatic="true">
      <SourceLine classname="jammed.Jelly" start="27" end="93" startBytecode="0" endBytecode="717" sourcefile="Jelly.java" sourcepath="jammed/Jelly.java"/>
    </Method>
    <SourceLine classname="jammed.Jelly" start="76" end="76" startBytecode="259" endBytecode="259" sourcefile="Jelly.java" sourcepath="jammed/Jelly.java"/>
  </BugInstance>
  <BugInstance type="SE_BAD_FIELD" priority="3" rank="19" abbrev="Se" category="BAD_PRACTICE" firstSeen="5/5/15 11:23 AM" reviews="1" consensus="MOSTLY_HARMLESS">
    <UserAnnotation designation="MOSTLY_HARMLESS" timestamp="1430839688029"/>
    <Class classname="jammed.LoginGUI">
      <SourceLine classname="jammed.LoginGUI" sourcefile="LoginGUI.java" sourcepath="jammed/LoginGUI.java"/>
    </Class>
    <Field classname="jammed.LoginGUI" name="login" signature="Ljammed/LoginInfo;" isStatic="false">
      <SourceLine classname="jammed.LoginGUI" sourcefile="LoginGUI.java" sourcepath="jammed/LoginGUI.java"/>
    </Field>
    <Type descriptor="Ljammed/LoginInfo;" role="TYPE_FOUND">
      <SourceLine classname="jammed.LoginInfo" start="4" end="49" sourcefile="LoginInfo.java" sourcepath="jammed/LoginInfo.java"/>
    </Type>
  </BugInstance>
  <BugInstance type="DE_MIGHT_IGNORE" priority="2" rank="16" abbrev="DE" category="BAD_PRACTICE" firstSeen="5/5/15 11:23 AM" reviews="1" consensus="MOSTLY_HARMLESS">
    <UserAnnotation designation="MOSTLY_HARMLESS" timestamp="1430839554977"/>
    <Class classname="jammed.LoginGUI$DefaultFChooserButtonHandler">
      <SourceLine classname="jammed.LoginGUI$DefaultFChooserButtonHandler" sourcefile="LoginGUI.java" sourcepath="jammed/LoginGUI.java"/>
    </Class>
    <Method classname="jammed.LoginGUI$DefaultFChooserButtonHandler" name="actionPerformed" signature="(Ljava/awt/event/ActionEvent;)V" isStatic="false">
      <SourceLine classname="jammed.LoginGUI$DefaultFChooserButtonHandler" start="188" end="209" startBytecode="0" endBytecode="255" sourcefile="LoginGUI.java" sourcepath="jammed/LoginGUI.java"/>
    </Method>
    <Class classname="java.lang.Exception" role="CLASS_EXCEPTION">
      <SourceLine classname="java.lang.Exception" sourcefile="Exception.java" sourcepath="java/lang/Exception.java"/>
    </Class>
    <SourceLine classname="jammed.LoginGUI$DefaultFChooserButtonHandler" start="203" end="203" startBytecode="133" endBytecode="133" sourcefile="LoginGUI.java" sourcepath="jammed/LoginGUI.java"/>
    <SourceLine classname="jammed.LoginGUI$DefaultFChooserButtonHandler" start="203" end="203" startBytecode="133" endBytecode="133" sourcefile="LoginGUI.java" sourcepath="jammed/LoginGUI.java"/>
  </BugInstance>
  <BugInstance type="DM_DEFAULT_ENCODING" priority="1" rank="19" abbrev="Dm" category="I18N" firstSeen="5/5/15 11:23 AM" reviews="1" consensus="MOSTLY_HARMLESS">
    <UserAnnotation designation="MOSTLY_HARMLESS" timestamp="1430839778410"/>
    <Class classname="jammed.LoginGUI$DefaultFChooserButtonHandler">
      <SourceLine classname="jammed.LoginGUI$DefaultFChooserButtonHandler" sourcefile="LoginGUI.java" sourcepath="jammed/LoginGUI.java"/>
    </Class>
    <Method classname="jammed.LoginGUI$DefaultFChooserButtonHandler" name="actionPerformed" signature="(Ljava/awt/event/ActionEvent;)V" isStatic="false">
      <SourceLine classname="jammed.LoginGUI$DefaultFChooserButtonHandler" start="188" end="209" startBytecode="0" endBytecode="255" sourcefile="LoginGUI.java" sourcepath="jammed/LoginGUI.java"/>
    </Method>
    <Method classname="java.lang.String" name="getBytes" signature="()[B" isStatic="false" role="METHOD_CALLED">
      <SourceLine classname="java.lang.String" start="956" end="956" startBytecode="0" endBytecode="37" sourcefile="String.java" sourcepath="java/lang/String.java"/>
    </Method>
    <SourceLine classname="jammed.LoginGUI$DefaultFChooserButtonHandler" start="201" end="201" startBytecode="119" endBytecode="119" sourcefile="LoginGUI.java" sourcepath="jammed/LoginGUI.java"/>
  </BugInstance>
  <BugInstance type="OBL_UNSATISFIED_OBLIGATION_EXCEPTION_EDGE" priority="2" rank="20" abbrev="OBL" category="EXPERIMENTAL" firstSeen="5/5/15 11:23 AM" reviews="1" consensus="MOSTLY_HARMLESS">
    <UserAnnotation designation="MOSTLY_HARMLESS" timestamp="1430839808431"/>
    <Class classname="jammed.LoginGUI$DefaultFChooserButtonHandler">
      <SourceLine classname="jammed.LoginGUI$DefaultFChooserButtonHandler" sourcefile="LoginGUI.java" sourcepath="jammed/LoginGUI.java"/>
    </Class>
    <Method classname="jammed.LoginGUI$DefaultFChooserButtonHandler" name="actionPerformed" signature="(Ljava/awt/event/ActionEvent;)V" isStatic="false">
      <SourceLine classname="jammed.LoginGUI$DefaultFChooserButtonHandler" start="188" end="209" startBytecode="0" endBytecode="255" sourcefile="LoginGUI.java" sourcepath="jammed/LoginGUI.java"/>
    </Method>
    <Class classname="java.io.OutputStream" role="CLASS_REFTYPE">
      <SourceLine classname="java.io.OutputStream" sourcefile="OutputStream.java" sourcepath="java/io/OutputStream.java"/>
    </Class>
    <Int value="1" role="INT_OBLIGATIONS_REMAINING"/>
    <SourceLine classname="jammed.LoginGUI$DefaultFChooserButtonHandler" start="199" end="199" startBytecode="105" endBytecode="105" sourcefile="LoginGUI.java" sourcepath="jammed/LoginGUI.java" role="SOURCE_LINE_OBLIGATION_CREATED"/>
    <SourceLine classname="jammed.LoginGUI$DefaultFChooserButtonHandler" start="201" end="201" startBytecode="110" endBytecode="110" sourcefile="LoginGUI.java" sourcepath="jammed/LoginGUI.java" role="SOURCE_LINE_PATH_CONTINUES"/>
    <SourceLine classname="jammed.LoginGUI$DefaultFChooserButtonHandler" start="203" end="203" startBytecode="133" endBytecode="133" sourcefile="LoginGUI.java" sourcepath="jammed/LoginGUI.java" role="SOURCE_LINE_PATH_CONTINUES"/>
    <SourceLine classname="jammed.LoginGUI$DefaultFChooserButtonHandler" start="209" end="209" startBytecode="135" endBytecode="135" sourcefile="LoginGUI.java" sourcepath="jammed/LoginGUI.java" role="SOURCE_LINE_PATH_CONTINUES"/>
    <String value="{OutputStream x 1}" role="STRING_REMAINING_OBLIGATIONS"/>
  </BugInstance>
  <BugInstance type="OS_OPEN_STREAM_EXCEPTION_PATH" priority="3" rank="19" abbrev="OS" category="BAD_PRACTICE" firstSeen="5/5/15 11:23 AM" reviews="1" consensus="MOSTLY_HARMLESS">
    <UserAnnotation designation="MOSTLY_HARMLESS" timestamp="1430839714767"/>
    <Class classname="jammed.LoginGUI$DefaultFChooserButtonHandler">
      <SourceLine classname="jammed.LoginGUI$DefaultFChooserButtonHandler" sourcefile="LoginGUI.java" sourcepath="jammed/LoginGUI.java"/>
    </Class>
    <Method classname="jammed.LoginGUI$DefaultFChooserButtonHandler" name="actionPerformed" signature="(Ljava/awt/event/ActionEvent;)V" isStatic="false">
      <SourceLine classname="jammed.LoginGUI$DefaultFChooserButtonHandler" start="188" end="209" startBytecode="0" endBytecode="60" sourcefile="LoginGUI.java" sourcepath="jammed/LoginGUI.java"/>
    </Method>
    <Type descriptor="Ljava/io/OutputStream;" role="TYPE_CLOSEIT">
      <SourceLine classname="java.io.OutputStream" start="46" end="152" sourcefile="OutputStream.java" sourcepath="java/io/OutputStream.java"/>
    </Type>
    <SourceLine classname="jammed.LoginGUI$DefaultFChooserButtonHandler" start="199" end="199" startBytecode="99" endBytecode="99" sourcefile="LoginGUI.java" sourcepath="jammed/LoginGUI.java"/>
  </BugInstance>
  <BugInstance type="REC_CATCH_EXCEPTION" priority="2" rank="17" abbrev="REC" category="STYLE" firstSeen="5/5/15 11:23 AM" reviews="1" consensus="MOSTLY_HARMLESS">
    <UserAnnotation designation="MOSTLY_HARMLESS" timestamp="1430839641223"/>
    <Class classname="jammed.LoginGUI$DefaultFChooserButtonHandler">
      <SourceLine classname="jammed.LoginGUI$DefaultFChooserButtonHandler" sourcefile="LoginGUI.java" sourcepath="jammed/LoginGUI.java"/>
    </Class>
    <Method classname="jammed.LoginGUI$DefaultFChooserButtonHandler" name="actionPerformed" signature="(Ljava/awt/event/ActionEvent;)V" isStatic="false">
      <SourceLine classname="jammed.LoginGUI$DefaultFChooserButtonHandler" start="188" end="209" startBytecode="0" endBytecode="255" sourcefile="LoginGUI.java" sourcepath="jammed/LoginGUI.java"/>
    </Method>
    <SourceLine classname="jammed.LoginGUI$DefaultFChooserButtonHandler" start="203" end="203" startBytecode="133" endBytecode="133" sourcefile="LoginGUI.java" sourcepath="jammed/LoginGUI.java"/>
  </BugInstance>
  <BugInstance type="DM_EXIT" priority="2" rank="16" abbrev="Dm" category="BAD_PRACTICE" firstSeen="5/5/15 11:23 AM" reviews="1" consensus="MOSTLY_HARMLESS">
    <UserAnnotation designation="MOSTLY_HARMLESS" timestamp="1430839551322"/>
    <Class classname="jammed.LoginGUI$ExitButtonHandler">
      <SourceLine classname="jammed.LoginGUI$ExitButtonHandler" sourcefile="LoginGUI.java" sourcepath="jammed/LoginGUI.java"/>
    </Class>
    <Method classname="jammed.LoginGUI$ExitButtonHandler" name="actionPerformed" signature="(Ljava/awt/event/ActionEvent;)V" isStatic="false">
      <SourceLine classname="jammed.LoginGUI$ExitButtonHandler" start="131" end="132" startBytecode="0" endBytecode="32" sourcefile="LoginGUI.java" sourcepath="jammed/LoginGUI.java"/>
    </Method>
    <SourceLine classname="jammed.LoginGUI$ExitButtonHandler" start="131" end="131" startBytecode="1" endBytecode="1" sourcefile="LoginGUI.java" sourcepath="jammed/LoginGUI.java"/>
  </BugInstance>
  <BugInstance type="SIC_INNER_SHOULD_BE_STATIC" priority="2" rank="18" abbrev="SIC" category="PERFORMANCE" firstSeen="5/5/15 11:23 AM" reviews="1" consensus="MOSTLY_HARMLESS">
    <UserAnnotation designation="MOSTLY_HARMLESS" timestamp="1430839673345"/>
    <Class classname="jammed.LoginGUI$ExitButtonHandler">
      <SourceLine classname="jammed.LoginGUI$ExitButtonHandler" start="129" end="132" sourcefile="LoginGUI.java" sourcepath="jammed/LoginGUI.java"/>
    </Class>
  </BugInstance>
  <BugInstance type="NO_NOTIFY_NOT_NOTIFYALL" priority="3" rank="17" abbrev="No" category="MT_CORRECTNESS" firstSeen="5/5/15 11:23 AM" reviews="1" consensus="NOT_A_BUG">
    <UserAnnotation designation="NOT_A_BUG" timestamp="1430839621322"><![CDATA[NotifyAll vs Notify does not change functionality, as there is only one thread being woken up.]]></UserAnnotation>
    <Class classname="jammed.LoginGUI$LoginButtonHandler">
      <SourceLine classname="jammed.LoginGUI$LoginButtonHandler" sourcefile="LoginGUI.java" sourcepath="jammed/LoginGUI.java"/>
    </Class>
    <Method classname="jammed.LoginGUI$LoginButtonHandler" name="actionPerformed" signature="(Ljava/awt/event/ActionEvent;)V" isStatic="false">
      <SourceLine classname="jammed.LoginGUI$LoginButtonHandler" start="107" end="125" startBytecode="0" endBytecode="263" sourcefile="LoginGUI.java" sourcepath="jammed/LoginGUI.java"/>
    </Method>
    <SourceLine classname="jammed.LoginGUI$LoginButtonHandler" start="118" end="118" startBytecode="84" endBytecode="84" sourcefile="LoginGUI.java" sourcepath="jammed/LoginGUI.java"/>
  </BugInstance>
  <BugInstance type="NO_NOTIFY_NOT_NOTIFYALL" priority="3" rank="17" abbrev="No" category="MT_CORRECTNESS" firstSeen="5/5/15 11:23 AM" reviews="1" consensus="NOT_A_BUG">
    <UserAnnotation designation="NOT_A_BUG" timestamp="1430839621322"><![CDATA[NotifyAll vs Notify does not change functionality, as there is only one thread being woken up.]]></UserAnnotation>
    <Class classname="jammed.LoginGUI$RegisterButtonHandler">
      <SourceLine classname="jammed.LoginGUI$RegisterButtonHandler" sourcefile="LoginGUI.java" sourcepath="jammed/LoginGUI.java"/>
    </Class>
    <Method classname="jammed.LoginGUI$RegisterButtonHandler" name="actionPerformed" signature="(Ljava/awt/event/ActionEvent;)V" isStatic="false">
      <SourceLine classname="jammed.LoginGUI$RegisterButtonHandler" start="84" end="101" startBytecode="0" endBytecode="263" sourcefile="LoginGUI.java" sourcepath="jammed/LoginGUI.java"/>
    </Method>
    <SourceLine classname="jammed.LoginGUI$RegisterButtonHandler" start="95" end="95" startBytecode="84" endBytecode="84" sourcefile="LoginGUI.java" sourcepath="jammed/LoginGUI.java"/>
  </BugInstance>
  <BugInstance type="NM_FIELD_NAMING_CONVENTION" priority="2" rank="16" abbrev="Nm" category="BAD_PRACTICE" firstSeen="5/5/15 11:23 AM" reviews="1" consensus="MOSTLY_HARMLESS">
    <UserAnnotation designation="MOSTLY_HARMLESS" timestamp="1430839542209"/>
    <Class classname="jammed.MainGUI">
      <SourceLine classname="jammed.MainGUI" sourcefile="MainGUI.java" sourcepath="jammed/MainGUI.java"/>
    </Class>
    <Field classname="jammed.MainGUI" name="CurrentUser" signature="Ljava/lang/String;" isStatic="false">
      <SourceLine classname="jammed.MainGUI" sourcefile="MainGUI.java" sourcepath="jammed/MainGUI.java"/>
    </Field>
  </BugInstance>
  <BugInstance type="SE_BAD_FIELD" priority="3" rank="19" abbrev="Se" category="BAD_PRACTICE" firstSeen="5/5/15 11:23 AM" reviews="1" consensus="MOSTLY_HARMLESS">
    <UserAnnotation designation="MOSTLY_HARMLESS" timestamp="1430839688030"/>
    <Class classname="jammed.MainGUI">
      <SourceLine classname="jammed.MainGUI" sourcefile="MainGUI.java" sourcepath="jammed/MainGUI.java"/>
    </Class>
    <Field classname="jammed.MainGUI" name="action" signature="Ljammed/MainGUI$ActionClass;" isStatic="false">
      <SourceLine classname="jammed.MainGUI" sourcefile="MainGUI.java" sourcepath="jammed/MainGUI.java"/>
    </Field>
    <Type descriptor="Ljammed/MainGUI$ActionClass;" role="TYPE_FOUND">
      <SourceLine classname="jammed.MainGUI$ActionClass" start="373" end="373" sourcefile="MainGUI.java" sourcepath="jammed/MainGUI.java"/>
    </Type>
  </BugInstance>
  <BugInstance type="SE_BAD_FIELD" priority="3" rank="19" abbrev="Se" category="BAD_PRACTICE" firstSeen="5/5/15 11:23 AM" reviews="1" consensus="MOSTLY_HARMLESS">
    <UserAnnotation designation="MOSTLY_HARMLESS" timestamp="1430839688030"/>
    <Class classname="jammed.MainGUI">
      <SourceLine classname="jammed.MainGUI" sourcefile="MainGUI.java" sourcepath="jammed/MainGUI.java"/>
    </Class>
    <Field classname="jammed.MainGUI" name="userDataArray" signature="Ljava/util/ArrayList;" isStatic="false">
      <SourceLine classname="jammed.MainGUI" sourcefile="MainGUI.java" sourcepath="jammed/MainGUI.java"/>
    </Field>
    <Type descriptor="Ljammed/LoginInfo;" role="TYPE_FOUND">
      <SourceLine classname="jammed.LoginInfo" start="4" end="49" sourcefile="LoginInfo.java" sourcepath="jammed/LoginInfo.java"/>
    </Type>
  </BugInstance>
  <BugInstance type="UWF_UNWRITTEN_PUBLIC_OR_PROTECTED_FIELD" priority="2" rank="17" abbrev="UwF" category="STYLE" firstSeen="5/5/15 11:23 AM" reviews="1" consensus="OBSOLETE_CODE">
    <UserAnnotation designation="OBSOLETE_CODE" timestamp="1430839654725"/>
    <Class classname="jammed.MainGUI">
      <SourceLine classname="jammed.MainGUI" sourcefile="MainGUI.java" sourcepath="jammed/MainGUI.java"/>
    </Class>
    <Field classname="jammed.MainGUI" name="CurrentUser" signature="Ljava/lang/String;" isStatic="false">
      <SourceLine classname="jammed.MainGUI" sourcefile="MainGUI.java" sourcepath="jammed/MainGUI.java"/>
    </Field>
    <SourceLine classname="jammed.MainGUI$ChangePWDButtonHandler$ConfirmButtonHandler" start="237" end="237" startBytecode="116" endBytecode="116" sourcefile="MainGUI.java" sourcepath="jammed/MainGUI.java"/>
  </BugInstance>
  <BugInstance type="SIC_INNER_SHOULD_BE_STATIC" priority="2" rank="18" abbrev="SIC" category="PERFORMANCE" firstSeen="5/5/15 11:23 AM" reviews="1" consensus="MOSTLY_HARMLESS">
    <UserAnnotation designation="MOSTLY_HARMLESS" timestamp="1430839670274"/>
    <Class classname="jammed.MainGUI$ActionClass">
      <SourceLine classname="jammed.MainGUI$ActionClass" start="373" end="373" sourcefile="MainGUI.java" sourcepath="jammed/MainGUI.java"/>
    </Class>
  </BugInstance>
  <BugInstance type="URF_UNREAD_FIELD" priority="2" rank="18" abbrev="UrF" category="PERFORMANCE" firstSeen="5/5/15 11:23 AM" reviews="1" consensus="OBSOLETE_CODE">
    <UserAnnotation designation="OBSOLETE_CODE" timestamp="1430839663910"/>
    <Class classname="jammed.MainGUI$ActionClass">
      <SourceLine classname="jammed.MainGUI$ActionClass" sourcefile="MainGUI.java" sourcepath="jammed/MainGUI.java"/>
    </Class>
    <Field classname="jammed.MainGUI$ActionClass" name="DELETE_ACCOUNT" signature="Z" isStatic="false">
      <SourceLine classname="jammed.MainGUI$ActionClass" sourcefile="MainGUI.java" sourcepath="jammed/MainGUI.java"/>
    </Field>
    <SourceLine classname="jammed.MainGUI$DeleteAccountButtonHandler$ConfirmDeleteAccount" start="326" end="326" startBytecode="66" endBytecode="66" sourcefile="MainGUI.java" sourcepath="jammed/MainGUI.java"/>
  </BugInstance>
  <BugInstance type="UWF_FIELD_NOT_INITIALIZED_IN_CONSTRUCTOR" priority="3" rank="20" abbrev="UwF" category="STYLE" firstSeen="5/5/15 11:23 AM" reviews="1" consensus="MOSTLY_HARMLESS">
    <UserAnnotation designation="MOSTLY_HARMLESS" timestamp="1430839941334"/>
    <Class classname="jammed.MainGUI$ActionClass">
      <SourceLine classname="jammed.MainGUI$ActionClass" sourcefile="MainGUI.java" sourcepath="jammed/MainGUI.java"/>
    </Class>
    <Field classname="jammed.MainGUI$ActionClass" name="pwdChange" signature="Ljammed/LoginInfo;" isStatic="false">
      <SourceLine classname="jammed.MainGUI$ActionClass" sourcefile="MainGUI.java" sourcepath="jammed/MainGUI.java"/>
    </Field>
    <Method classname="jammed.GuiJammed" name="main" signature="([Ljava/lang/String;)V" isStatic="true">
      <SourceLine classname="jammed.GuiJammed" start="28" end="247" startBytecode="0" endBytecode="2628" sourcefile="GuiJammed.java" sourcepath="jammed/GuiJammed.java"/>
    </Method>
    <SourceLine classname="jammed.GuiJammed" start="129" end="129" startBytecode="548" endBytecode="548" sourcefile="GuiJammed.java" sourcepath="jammed/GuiJammed.java"/>
  </BugInstance>
  <BugInstance type="NO_NOTIFY_NOT_NOTIFYALL" priority="3" rank="17" abbrev="No" category="MT_CORRECTNESS" firstSeen="5/5/15 11:23 AM" reviews="1" consensus="NOT_A_BUG">
    <UserAnnotation designation="NOT_A_BUG" timestamp="1430839621322"><![CDATA[NotifyAll vs Notify does not change functionality, as there is only one thread being woken up.]]></UserAnnotation>
    <Class classname="jammed.MainGUI$ChangePWDButtonHandler$ConfirmButtonHandler">
      <SourceLine classname="jammed.MainGUI$ChangePWDButtonHandler$ConfirmButtonHandler" sourcefile="MainGUI.java" sourcepath="jammed/MainGUI.java"/>
    </Class>
    <Method classname="jammed.MainGUI$ChangePWDButtonHandler$ConfirmButtonHandler" name="actionPerformed" signature="(Ljava/awt/event/ActionEvent;)V" isStatic="false">
      <SourceLine classname="jammed.MainGUI$ChangePWDButtonHandler$ConfirmButtonHandler" start="223" end="248" startBytecode="0" endBytecode="442" sourcefile="MainGUI.java" sourcepath="jammed/MainGUI.java"/>
    </Method>
    <SourceLine classname="jammed.MainGUI$ChangePWDButtonHandler$ConfirmButtonHandler" start="241" end="241" startBytecode="193" endBytecode="193" sourcefile="MainGUI.java" sourcepath="jammed/MainGUI.java"/>
  </BugInstance>
  <BugInstance type="NO_NOTIFY_NOT_NOTIFYALL" priority="3" rank="17" abbrev="No" category="MT_CORRECTNESS" firstSeen="5/5/15 11:23 AM" reviews="1" consensus="NOT_A_BUG">
    <UserAnnotation designation="NOT_A_BUG" timestamp="1430839621322"><![CDATA[NotifyAll vs Notify does not change functionality, as there is only one thread being woken up.]]></UserAnnotation>
    <Class classname="jammed.MainGUI$DeleteAccountButtonHandler$ConfirmDeleteAccount">
      <SourceLine classname="jammed.MainGUI$DeleteAccountButtonHandler$ConfirmDeleteAccount" sourcefile="MainGUI.java" sourcepath="jammed/MainGUI.java"/>
    </Class>
    <Method classname="jammed.MainGUI$DeleteAccountButtonHandler$ConfirmDeleteAccount" name="actionPerformed" signature="(Ljava/awt/event/ActionEvent;)V" isStatic="false">
      <SourceLine classname="jammed.MainGUI$DeleteAccountButtonHandler$ConfirmDeleteAccount" start="322" end="331" startBytecode="0" endBytecode="227" sourcefile="MainGUI.java" sourcepath="jammed/MainGUI.java"/>
    </Method>
    <SourceLine classname="jammed.MainGUI$DeleteAccountButtonHandler$ConfirmDeleteAccount" start="328" end="328" startBytecode="95" endBytecode="95" sourcefile="MainGUI.java" sourcepath="jammed/MainGUI.java"/>
  </BugInstance>
  <BugInstance type="NO_NOTIFY_NOT_NOTIFYALL" priority="3" rank="17" abbrev="No" category="MT_CORRECTNESS" firstSeen="5/5/15 11:23 AM" reviews="1" consensus="NOT_A_BUG">
    <UserAnnotation designation="NOT_A_BUG" timestamp="1430839621322"><![CDATA[NotifyAll vs Notify does not change functionality, as there is only one thread being woken up.]]></UserAnnotation>
    <Class classname="jammed.MainGUI$ExitButtonHandler">
      <SourceLine classname="jammed.MainGUI$ExitButtonHandler" sourcefile="MainGUI.java" sourcepath="jammed/MainGUI.java"/>
    </Class>
    <Method classname="jammed.MainGUI$ExitButtonHandler" name="actionPerformed" signature="(Ljava/awt/event/ActionEvent;)V" isStatic="false">
      <SourceLine classname="jammed.MainGUI$ExitButtonHandler" start="262" end="268" startBytecode="0" endBytecode="163" sourcefile="MainGUI.java" sourcepath="jammed/MainGUI.java"/>
    </Method>
    <SourceLine classname="jammed.MainGUI$ExitButtonHandler" start="265" end="265" startBytecode="47" endBytecode="47" sourcefile="MainGUI.java" sourcepath="jammed/MainGUI.java"/>
  </BugInstance>
  <BugInstance type="NO_NOTIFY_NOT_NOTIFYALL" priority="3" rank="17" abbrev="No" category="MT_CORRECTNESS" firstSeen="5/5/15 11:23 AM" reviews="1" consensus="NOT_A_BUG">
    <UserAnnotation designation="NOT_A_BUG" timestamp="1430839621322"><![CDATA[NotifyAll vs Notify does not change functionality, as there is only one thread being woken up.]]></UserAnnotation>
    <Class classname="jammed.MainGUI$GetLogButtonHandler">
      <SourceLine classname="jammed.MainGUI$GetLogButtonHandler" sourcefile="MainGUI.java" sourcepath="jammed/MainGUI.java"/>
    </Class>
    <Method classname="jammed.MainGUI$GetLogButtonHandler" name="actionPerformed" signature="(Ljava/awt/event/ActionEvent;)V" isStatic="false">
      <SourceLine classname="jammed.MainGUI$GetLogButtonHandler" start="273" end="277" startBytecode="0" endBytecode="129" sourcefile="MainGUI.java" sourcepath="jammed/MainGUI.java"/>
    </Method>
    <SourceLine classname="jammed.MainGUI$GetLogButtonHandler" start="275" end="275" startBytecode="30" endBytecode="30" sourcefile="MainGUI.java" sourcepath="jammed/MainGUI.java"/>
  </BugInstance>
  <BugInstance type="NO_NOTIFY_NOT_NOTIFYALL" priority="3" rank="17" abbrev="No" category="MT_CORRECTNESS" firstSeen="5/5/15 11:23 AM" reviews="1" consensus="NOT_A_BUG">
    <UserAnnotation designation="NOT_A_BUG" timestamp="1430839621322"><![CDATA[NotifyAll vs Notify does not change functionality, as there is only one thread being woken up.]]></UserAnnotation>
    <Class classname="jammed.MainGUI$SaveButtonHandler">
      <SourceLine classname="jammed.MainGUI$SaveButtonHandler" sourcefile="MainGUI.java" sourcepath="jammed/MainGUI.java"/>
    </Class>
    <Method classname="jammed.MainGUI$SaveButtonHandler" name="actionPerformed" signature="(Ljava/awt/event/ActionEvent;)V" isStatic="false">
      <SourceLine classname="jammed.MainGUI$SaveButtonHandler" start="120" end="128" startBytecode="0" endBytecode="177" sourcefile="MainGUI.java" sourcepath="jammed/MainGUI.java"/>
    </Method>
    <SourceLine classname="jammed.MainGUI$SaveButtonHandler" start="124" end="124" startBytecode="57" endBytecode="57" sourcefile="MainGUI.java" sourcepath="jammed/MainGUI.java"/>
  </BugInstance>
  <BugInstance type="PZLA_PREFER_ZERO_LENGTH_ARRAYS" priority="3" rank="20" abbrev="PZLA" category="STYLE" firstSeen="5/5/15 11:23 AM" reviews="1" consensus="NOT_A_BUG">
    <UserAnnotation designation="NOT_A_BUG" timestamp="1430839875790"><![CDATA[null is returned by design.]]></UserAnnotation>
    <Class classname="jammed.SecureLog">
      <SourceLine classname="jammed.SecureLog" sourcefile="SecureLog.java" sourcepath="jammed/SecureLog.java"/>
    </Class>
    <Method classname="jammed.SecureLog" name="encryptLogEntry" signature="(Ljavax/crypto/SecretKey;[BLjava/lang/String;)[B" isStatic="false">
      <SourceLine classname="jammed.SecureLog" start="198" end="198" startBytecode="0" endBytecode="25" sourcefile="SecureLog.java" sourcepath="jammed/SecureLog.java"/>
    </Method>
    <SourceLine classname="jammed.SecureLog" start="198" end="198" startBytecode="1" endBytecode="1" sourcefile="SecureLog.java" sourcepath="jammed/SecureLog.java"/>
  </BugInstance>
  <BugInstance type="UPM_UNCALLED_PRIVATE_METHOD" priority="3" rank="20" abbrev="UPM" category="PERFORMANCE" firstSeen="5/5/15 11:23 AM" reviews="1" consensus="OBSOLETE_CODE">
    <UserAnnotation designation="OBSOLETE_CODE" timestamp="1430839819565"/>
    <Class classname="jammed.SecureLog">
      <SourceLine classname="jammed.SecureLog" sourcefile="SecureLog.java" sourcepath="jammed/SecureLog.java"/>
    </Class>
    <Method classname="jammed.SecureLog" name="getHashedLogServerKey" signature="(Ljavax/crypto/SecretKey;I)Ljavax/crypto/SecretKey;" isStatic="false">
      <SourceLine classname="jammed.SecureLog" start="154" end="160" startBytecode="0" endBytecode="82" sourcefile="SecureLog.java" sourcepath="jammed/SecureLog.java"/>
    </Method>
  </BugInstance>
  <BugInstance type="OBL_UNSATISFIED_OBLIGATION_EXCEPTION_EDGE" priority="2" rank="20" abbrev="OBL" category="EXPERIMENTAL" firstSeen="4/16/15 12:40 AM" reviews="1" consensus="BAD_ANALYSIS">
    <UserAnnotation designation="BAD_ANALYSIS" user="dje67@cornell.edu" timestamp="1430839803783"><![CDATA[Incorrect analysis]]></UserAnnotation>
    <Class classname="jammed.UserData">
      <SourceLine classname="jammed.UserData" sourcefile="UserData.java" sourcepath="jammed/UserData.java"/>
    </Class>
    <Method classname="jammed.UserData" name="storeIV" signature="([BLjava/lang/String;)V" isStatic="false">
      <SourceLine classname="jammed.UserData" start="280" end="283" startBytecode="0" endBytecode="54" sourcefile="UserData.java" sourcepath="jammed/UserData.java"/>
    </Method>
    <Class classname="java.io.OutputStream" role="CLASS_REFTYPE">
      <SourceLine classname="java.io.OutputStream" sourcefile="OutputStream.java" sourcepath="java/io/OutputStream.java"/>
    </Class>
    <Int value="1" role="INT_OBLIGATIONS_REMAINING"/>
    <SourceLine classname="jammed.UserData" start="280" end="280" startBytecode="5" endBytecode="5" sourcefile="UserData.java" sourcepath="jammed/UserData.java" role="SOURCE_LINE_OBLIGATION_CREATED"/>
    <SourceLine classname="jammed.UserData" start="281" end="281" startBytecode="9" endBytecode="9" sourcefile="UserData.java" sourcepath="jammed/UserData.java" role="SOURCE_LINE_PATH_CONTINUES"/>
    <String value="{OutputStream x 1}" role="STRING_REMAINING_OBLIGATIONS"/>
  </BugInstance>
  <BugInstance type="OBL_UNSATISFIED_OBLIGATION_EXCEPTION_EDGE" priority="2" rank="20" abbrev="OBL" category="EXPERIMENTAL" firstSeen="5/5/15 11:23 AM" reviews="1" consensus="BAD_ANALYSIS">
    <UserAnnotation designation="BAD_ANALYSIS" timestamp="1430839811837"><![CDATA[Incorrect analysis]]></UserAnnotation>
    <Class classname="jammed.UserData">
      <SourceLine classname="jammed.UserData" sourcefile="UserData.java" sourcepath="jammed/UserData.java"/>
    </Class>
    <Method classname="jammed.UserData" name="storeKey" signature="(Ljavax/crypto/SecretKey;Ljavax/crypto/SecretKey;Ljava/lang/String;Ljava/lang/String;)V" isStatic="true">
      <SourceLine classname="jammed.UserData" start="221" end="240" startBytecode="0" endBytecode="347" sourcefile="UserData.java" sourcepath="jammed/UserData.java"/>
    </Method>
    <Class classname="java.io.OutputStream" role="CLASS_REFTYPE">
      <SourceLine classname="java.io.OutputStream" sourcefile="OutputStream.java" sourcepath="java/io/OutputStream.java"/>
    </Class>
    <Int value="1" role="INT_OBLIGATIONS_REMAINING"/>
    <SourceLine classname="jammed.UserData" start="221" end="221" startBytecode="27" endBytecode="27" sourcefile="UserData.java" sourcepath="jammed/UserData.java" role="SOURCE_LINE_OBLIGATION_CREATED"/>
    <SourceLine classname="jammed.UserData" start="222" end="222" startBytecode="32" endBytecode="32" sourcefile="UserData.java" sourcepath="jammed/UserData.java" role="SOURCE_LINE_PATH_CONTINUES"/>
    <String value="{OutputStream x 1}" role="STRING_REMAINING_OBLIGATIONS"/>
  </BugInstance>
  <BugInstance type="OS_OPEN_STREAM_EXCEPTION_PATH" priority="3" rank="19" abbrev="OS" category="BAD_PRACTICE" firstSeen="4/16/15 12:40 AM" reviews="1" consensus="BAD_ANALYSIS">
    <UserAnnotation designation="BAD_ANALYSIS" user="dje67@cornell.edu" timestamp="1430839725469"><![CDATA[Incorrect analysis]]></UserAnnotation>
    <Class classname="jammed.UserData">
      <SourceLine classname="jammed.UserData" sourcefile="UserData.java" sourcepath="jammed/UserData.java"/>
    </Class>
    <Method classname="jammed.UserData" name="storeIV" signature="([BLjava/lang/String;)V" isStatic="false">
      <SourceLine classname="jammed.UserData" start="280" end="283" startBytecode="0" endBytecode="10" sourcefile="UserData.java" sourcepath="jammed/UserData.java"/>
    </Method>
    <Type descriptor="Ljava/io/OutputStream;" role="TYPE_CLOSEIT">
      <SourceLine classname="java.io.OutputStream" start="46" end="152" sourcefile="OutputStream.java" sourcepath="java/io/OutputStream.java"/>
    </Type>
    <SourceLine classname="jammed.UserData" start="280" end="280" startBytecode="0" endBytecode="0" sourcefile="UserData.java" sourcepath="jammed/UserData.java"/>
  </BugInstance>
  <BugInstance type="OS_OPEN_STREAM_EXCEPTION_PATH" priority="3" rank="19" abbrev="OS" category="BAD_PRACTICE" firstSeen="5/5/15 11:23 AM" reviews="1" consensus="BAD_ANALYSIS">
    <UserAnnotation designation="BAD_ANALYSIS" timestamp="1430839720952"><![CDATA[Incorrect analysis]]></UserAnnotation>
    <Class classname="jammed.UserData">
      <SourceLine classname="jammed.UserData" sourcefile="UserData.java" sourcepath="jammed/UserData.java"/>
    </Class>
    <Method classname="jammed.UserData" name="storeKey" signature="(Ljavax/crypto/SecretKey;Ljavax/crypto/SecretKey;Ljava/lang/String;Ljava/lang/String;)V" isStatic="true">
      <SourceLine classname="jammed.UserData" start="221" end="240" startBytecode="0" endBytecode="74" sourcefile="UserData.java" sourcepath="jammed/UserData.java"/>
    </Method>
    <Type descriptor="Ljava/io/OutputStream;" role="TYPE_CLOSEIT">
      <SourceLine classname="java.io.OutputStream" start="46" end="152" sourcefile="OutputStream.java" sourcepath="java/io/OutputStream.java"/>
    </Type>
    <SourceLine classname="jammed.UserData" start="221" end="221" startBytecode="0" endBytecode="0" sourcefile="UserData.java" sourcepath="jammed/UserData.java"/>
    <SourceLine classname="jammed.UserData" start="222" end="222" startBytecode="32" endBytecode="32" sourcefile="UserData.java" sourcepath="jammed/UserData.java" role="SOURCE_LINE_ANOTHER_INSTANCE"/>
  </BugInstance>
  <BugInstance type="SIC_INNER_SHOULD_BE_STATIC" priority="2" rank="18" abbrev="SIC" category="PERFORMANCE" firstSeen="4/16/15 12:40 AM" reviews="1" consensus="MOSTLY_HARMLESS">
    <UserAnnotation designation="MOSTLY_HARMLESS" user="dje67@cornell.edu" timestamp="1429161317684"/>
    <Class classname="jammed.UserInterface$Action">
      <SourceLine classname="jammed.UserInterface$Action" start="274" end="274" sourcefile="UserInterface.java" sourcepath="jammed/UserInterface.java"/>
    </Class>
  </BugInstance>
  <BugInstance type="UWF_FIELD_NOT_INITIALIZED_IN_CONSTRUCTOR" priority="3" rank="20" abbrev="UwF" category="STYLE" firstSeen="5/5/15 11:23 AM" reviews="1" consensus="NOT_A_BUG">
    <UserAnnotation designation="NOT_A_BUG" timestamp="1430839953666"/>
    <Class classname="jammed.UserInterface$Action">
      <SourceLine classname="jammed.UserInterface$Action" sourcefile="UserInterface.java" sourcepath="jammed/UserInterface.java"/>
    </Class>
    <Field classname="jammed.UserInterface$Action" name="info" signature="Ljammed/LoginInfo;" isStatic="false">
      <SourceLine classname="jammed.UserInterface$Action" sourcefile="UserInterface.java" sourcepath="jammed/UserInterface.java"/>
    </Field>
    <Method classname="jammed.Jammed" name="main" signature="([Ljava/lang/String;)V" isStatic="true">
      <SourceLine classname="jammed.Jammed" start="48" end="244" startBytecode="0" endBytecode="1602" sourcefile="Jammed.java" sourcepath="jammed/Jammed.java"/>
    </Method>
    <SourceLine classname="jammed.Jammed" start="169" end="169" startBytecode="565" endBytecode="565" sourcefile="Jammed.java" sourcepath="jammed/Jammed.java"/>
  </BugInstance>
  <BugInstance type="UWF_FIELD_NOT_INITIALIZED_IN_CONSTRUCTOR" priority="3" rank="20" abbrev="UwF" category="STYLE" firstSeen="4/16/15 12:40 AM" reviews="1" consensus="NOT_A_BUG">
    <UserAnnotation designation="NOT_A_BUG" user="dje67@cornell.edu" timestamp="1430839951630"/>
    <Class classname="jammed.UserInterface$Action">
      <SourceLine classname="jammed.UserInterface$Action" sourcefile="UserInterface.java" sourcepath="jammed/UserInterface.java"/>
    </Class>
    <Field classname="jammed.UserInterface$Action" name="type" signature="Ljammed/UserInterface$ActionType;" isStatic="false">
      <SourceLine classname="jammed.UserInterface$Action" sourcefile="UserInterface.java" sourcepath="jammed/UserInterface.java"/>
    </Field>
    <Method classname="jammed.Jammed" name="main" signature="([Ljava/lang/String;)V" isStatic="true">
      <SourceLine classname="jammed.Jammed" start="48" end="244" startBytecode="0" endBytecode="1602" sourcefile="Jammed.java" sourcepath="jammed/Jammed.java"/>
    </Method>
    <SourceLine classname="jammed.Jammed" start="124" end="124" startBytecode="307" endBytecode="307" sourcefile="Jammed.java" sourcepath="jammed/Jammed.java"/>
  </BugInstance>
  <Errors errors="0" missingClasses="0"></Errors>
  <FindBugsSummary timestamp="Tue, 5 May 2015 11:23:37 -0400" total_classes="56" referenced_classes="431" total_bugs="56" total_size="2164" num_packages="1" java_version="1.7.0_75" vm_version="24.75-b04" cpu_seconds="85.48" clock_seconds="519.43" peak_mbytes="341.29" alloc_mbytes="683.00" gc_seconds="0.16" priority_3="36" priority_2="16" priority_1="4">
    <PackageStats package="jammed" total_bugs="56" total_types="56" total_size="2164" priority_3="36" priority_2="16" priority_1="4">
      <ClassStats class="jammed.AccountDeletionReq" sourceFile="AccountDeletionReq.java" interface="false" size="14" bugs="0"/>
      <ClassStats class="jammed.ClientCommunication" sourceFile="ClientCommunication.java" interface="false" size="92" bugs="3" priority_3="2" priority_1="1"/>
      <ClassStats class="jammed.Communication" sourceFile="Communication.java" interface="false" size="170" bugs="1" priority_3="1"/>
      <ClassStats class="jammed.Communication$1" sourceFile="Communication.java" interface="false" size="4" bugs="0"/>
      <ClassStats class="jammed.DB" sourceFile="DB.java" interface="false" size="311" bugs="14" priority_3="11" priority_2="3"/>
      <ClassStats class="jammed.GuiJammed" sourceFile="GuiJammed.java" interface="false" size="165" bugs="6" priority_3="4" priority_2="1" priority_1="1"/>
      <ClassStats class="jammed.GuiJammed$1" sourceFile="GuiJammed.java" interface="false" size="4" bugs="0"/>
      <ClassStats class="jammed.GuiJammed$Shutdown" sourceFile="GuiJammed.java" interface="false" size="23" bugs="0"/>
      <ClassStats class="jammed.GuiJammed$UserDataException" sourceFile="GuiJammed.java" interface="false" size="6" bugs="0"/>
      <ClassStats class="jammed.Jammed" sourceFile="Jammed.java" interface="false" size="119" bugs="2" priority_3="2"/>
      <ClassStats class="jammed.Jammed$1" sourceFile="Jammed.java" interface="false" size="4" bugs="0"/>
      <ClassStats class="jammed.Jammed$Shutdown" sourceFile="Jammed.java" interface="false" size="24" bugs="0"/>
      <ClassStats class="jammed.Jammed$UserDataException" sourceFile="Jammed.java" interface="false" size="6" bugs="0"/>
      <ClassStats class="jammed.Jelly" sourceFile="Jelly.java" interface="false" size="46" bugs="2" priority_3="1" priority_1="1"/>
      <ClassStats class="jammed.LogReq" sourceFile="LogReq.java" interface="false" size="24" bugs="0"/>
      <ClassStats class="jammed.Login" sourceFile="Login.java" interface="false" size="3" bugs="0"/>
      <ClassStats class="jammed.LoginGUI" sourceFile="LoginGUI.java" interface="false" size="96" bugs="1" priority_3="1"/>
      <ClassStats class="jammed.LoginGUI$1" sourceFile="LoginGUI.java" interface="false" size="1" bugs="0"/>
      <ClassStats class="jammed.LoginGUI$DefaultFChooserButtonHandler" sourceFile="LoginGUI.java" interface="false" size="21" bugs="5" priority_3="1" priority_2="3" priority_1="1"/>
      <ClassStats class="jammed.LoginGUI$ExitButtonHandler" sourceFile="LoginGUI.java" interface="false" size="8" bugs="2" priority_2="2"/>
      <ClassStats class="jammed.LoginGUI$FChooserButtonHandler" sourceFile="LoginGUI.java" interface="false" size="16" bugs="0"/>
      <ClassStats class="jammed.LoginGUI$LoginButtonHandler" sourceFile="LoginGUI.java" interface="false" size="18" bugs="1" priority_3="1"/>
      <ClassStats class="jammed.LoginGUI$RegisterButtonHandler" sourceFile="LoginGUI.java" interface="false" size="18" bugs="1" priority_3="1"/>
      <ClassStats class="jammed.LoginInfo" sourceFile="LoginInfo.java" interface="false" size="32" bugs="0"/>
      <ClassStats class="jammed.LoginReq" sourceFile="LoginReq.java" interface="false" size="41" bugs="0"/>
      <ClassStats class="jammed.MainGUI" sourceFile="MainGUI.java" interface="false" size="134" bugs="3" priority_3="2" priority_2="1"/>
      <ClassStats class="jammed.MainGUI$1" sourceFile="MainGUI.java" interface="false" size="1" bugs="0"/>
      <ClassStats class="jammed.MainGUI$ActionClass" sourceFile="MainGUI.java" interface="false" size="8" bugs="1" priority_2="1"/>
      <ClassStats class="jammed.MainGUI$AddDataButtonHandler" sourceFile="MainGUI.java" interface="false" size="20" bugs="0"/>
      <ClassStats class="jammed.MainGUI$ChangePWDButtonHandler" sourceFile="MainGUI.java" interface="false" size="42" bugs="0"/>
      <ClassStats class="jammed.MainGUI$ChangePWDButtonHandler$ConfirmButtonHandler" sourceFile="MainGUI.java" interface="false" size="27" bugs="2" priority_3="1" priority_2="1"/>
      <ClassStats class="jammed.MainGUI$ChangePWDButtonHandler$ExitCHNGPWDButtonHandler" sourceFile="MainGUI.java" interface="false" size="8" bugs="0"/>
      <ClassStats class="jammed.MainGUI$DeleteAccountButtonHandler" sourceFile="MainGUI.java" interface="false" size="28" bugs="0"/>
      <ClassStats class="jammed.MainGUI$DeleteAccountButtonHandler$ConfirmDeleteAccount" sourceFile="MainGUI.java" interface="false" size="16" bugs="2" priority_3="1" priority_2="1"/>
      <ClassStats class="jammed.MainGUI$DeleteAccountButtonHandler$ExitButtonHandler" sourceFile="MainGUI.java" interface="false" size="8" bugs="0"/>
      <ClassStats class="jammed.MainGUI$DeleteDataButtonHandler" sourceFile="MainGUI.java" interface="false" size="18" bugs="0"/>
      <ClassStats class="jammed.MainGUI$ExitButtonHandler" sourceFile="MainGUI.java" interface="false" size="13" bugs="1" priority_3="1"/>
      <ClassStats class="jammed.MainGUI$GActionType" sourceFile="MainGUI.java" interface="false" size="13" bugs="0"/>
      <ClassStats class="jammed.MainGUI$GetLogButtonHandler" sourceFile="MainGUI.java" interface="false" size="11" bugs="1" priority_3="1"/>
      <ClassStats class="jammed.MainGUI$SaveButtonHandler" sourceFile="MainGUI.java" interface="false" size="14" bugs="1" priority_3="1"/>
      <ClassStats class="jammed.MainGUI$ShowPWDButtonHandler" sourceFile="MainGUI.java" interface="false" size="11" bugs="0"/>
      <ClassStats class="jammed.Request" sourceFile="Request.java" interface="false" size="54" bugs="0"/>
      <ClassStats class="jammed.Request$1" sourceFile="Request.java" interface="false" size="4" bugs="0"/>
      <ClassStats class="jammed.Request$ErrorMessage" sourceFile="Request.java" interface="false" size="19" bugs="0"/>
      <ClassStats class="jammed.Request$EventType" sourceFile="Request.java" interface="false" size="12" bugs="0"/>
      <ClassStats class="jammed.Request$MessageType" sourceFile="Request.java" interface="false" size="9" bugs="0"/>
      <ClassStats class="jammed.SecureLog" sourceFile="SecureLog.java" interface="false" size="65" bugs="2" priority_3="2"/>
      <ClassStats class="jammed.TerminationReq" sourceFile="TerminationReq.java" interface="false" size="16" bugs="0"/>
      <ClassStats class="jammed.TerminationReq$Term" sourceFile="TerminationReq.java" interface="false" size="11" bugs="0"/>
      <ClassStats class="jammed.UserData" sourceFile="UserData.java" interface="false" size="137" bugs="4" priority_3="2" priority_2="2"/>
      <ClassStats class="jammed.UserData$Keys" sourceFile="UserData.java" interface="false" size="11" bugs="0"/>
      <ClassStats class="jammed.UserDataReq" sourceFile="UserDataReq.java" interface="false" size="35" bugs="0"/>
      <ClassStats class="jammed.UserDataReq$ReqType" sourceFile="UserDataReq.java" interface="false" size="9" bugs="0"/>
      <ClassStats class="jammed.UserInterface" sourceFile="UserInterface.java" interface="false" size="125" bugs="0"/>
      <ClassStats class="jammed.UserInterface$Action" sourceFile="UserInterface.java" interface="false" size="6" bugs="1" priority_2="1"/>
      <ClassStats class="jammed.UserInterface$ActionType" sourceFile="UserInterface.java" interface="false" size="13" bugs="0"/>
    </PackageStats>
    <FindBugsProfile>
      <ClassProfile name="edu.umd.cs.findbugs.classfile.engine.ClassInfoAnalysisEngine" totalMilliseconds="1056" invocations="1711" avgMicrosecondsPerInvocation="617" maxMicrosecondsPerInvocation="28862" standardDeviationMircosecondsPerInvocation="1711"/>
      <ClassProfile name="edu.umd.cs.findbugs.FindBugs2" totalMilliseconds="775" invocations="2" avgMicrosecondsPerInvocation="387790" maxMicrosecondsPerInvocation="494285" standardDeviationMircosecondsPerInvocation="106496"/>
      <ClassProfile name="edu.umd.cs.findbugs.detect.FindNoSideEffectMethods" totalMilliseconds="734" invocations="431" avgMicrosecondsPerInvocation="1703" maxMicrosecondsPerInvocation="40427" standardDeviationMircosecondsPerInvocation="3935"/>
      <ClassProfile name="edu.umd.cs.findbugs.detect.FieldItemSummary" totalMilliseconds="720" invocations="431" avgMicrosecondsPerInvocation="1671" maxMicrosecondsPerInvocation="38264" standardDeviationMircosecondsPerInvocation="3807"/>
      <ClassProfile name="edu.umd.cs.findbugs.classfile.engine.bcel.CFGFactory" totalMilliseconds="559" invocations="272" avgMicrosecondsPerInvocation="2055" maxMicrosecondsPerInvocation="253349" standardDeviationMircosecondsPerInvocation="16487"/>
      <ClassProfile name="edu.umd.cs.findbugs.classfile.engine.bcel.ValueNumberDataflowFactory" totalMilliseconds="545" invocations="282" avgMicrosecondsPerInvocation="1932" maxMicrosecondsPerInvocation="115885" standardDeviationMircosecondsPerInvocation="8175"/>
      <ClassProfile name="edu.umd.cs.findbugs.OpcodeStack$JumpInfoFactory" totalMilliseconds="501" invocations="1021" avgMicrosecondsPerInvocation="491" maxMicrosecondsPerInvocation="15576" standardDeviationMircosecondsPerInvocation="1009"/>
      <ClassProfile name="edu.umd.cs.findbugs.ba.npe.NullDerefAndRedundantComparisonFinder" totalMilliseconds="447" invocations="271" avgMicrosecondsPerInvocation="1650" maxMicrosecondsPerInvocation="38401" standardDeviationMircosecondsPerInvocation="3465"/>
      <ClassProfile name="edu.umd.cs.findbugs.classfile.engine.bcel.IsNullValueDataflowFactory" totalMilliseconds="389" invocations="272" avgMicrosecondsPerInvocation="1430" maxMicrosecondsPerInvocation="55269" standardDeviationMircosecondsPerInvocation="4334"/>
      <ClassProfile name="edu.umd.cs.findbugs.classfile.engine.bcel.TypeDataflowFactory" totalMilliseconds="343" invocations="282" avgMicrosecondsPerInvocation="1216" maxMicrosecondsPerInvocation="33538" standardDeviationMircosecondsPerInvocation="3398"/>
      <ClassProfile name="edu.umd.cs.findbugs.classfile.engine.bcel.UnconditionalValueDerefDataflowFactory" totalMilliseconds="315" invocations="272" avgMicrosecondsPerInvocation="1161" maxMicrosecondsPerInvocation="64135" standardDeviationMircosecondsPerInvocation="4306"/>
      <ClassProfile name="edu.umd.cs.findbugs.classfile.engine.ClassDataAnalysisEngine" totalMilliseconds="274" invocations="1718" avgMicrosecondsPerInvocation="159" maxMicrosecondsPerInvocation="811" standardDeviationMircosecondsPerInvocation="83"/>
      <ClassProfile name="edu.umd.cs.findbugs.detect.FindRefComparison$SpecialTypeAnalysis" totalMilliseconds="209" invocations="207" avgMicrosecondsPerInvocation="1010" maxMicrosecondsPerInvocation="23644" standardDeviationMircosecondsPerInvocation="2399"/>
      <ClassProfile name="edu.umd.cs.findbugs.detect.NoteDirectlyRelevantTypeQualifiers" totalMilliseconds="197" invocations="431" avgMicrosecondsPerInvocation="458" maxMicrosecondsPerInvocation="8141" standardDeviationMircosecondsPerInvocation="956"/>
      <ClassProfile name="edu.umd.cs.findbugs.classfile.engine.bcel.JavaClassAnalysisEngine" totalMilliseconds="197" invocations="513" avgMicrosecondsPerInvocation="385" maxMicrosecondsPerInvocation="20229" standardDeviationMircosecondsPerInvocation="1286"/>
      <ClassProfile name="edu.umd.cs.findbugs.detect.BuildObligationPolicyDatabase" totalMilliseconds="195" invocations="431" avgMicrosecondsPerInvocation="453" maxMicrosecondsPerInvocation="9141" standardDeviationMircosecondsPerInvocation="902"/>
      <ClassProfile name="edu.umd.cs.findbugs.detect.StreamResourceTracker" totalMilliseconds="194" invocations="123" avgMicrosecondsPerInvocation="1584" maxMicrosecondsPerInvocation="8178" standardDeviationMircosecondsPerInvocation="2015"/>
      <ClassProfile name="edu.umd.cs.findbugs.util.TopologicalSort" totalMilliseconds="163" invocations="1654" avgMicrosecondsPerInvocation="98" maxMicrosecondsPerInvocation="6041" standardDeviationMircosecondsPerInvocation="252"/>
    </FindBugsProfile>
  </FindBugsSummary>
  <ClassFeatures></ClassFeatures>
  <History></History>
</BugCollection>
